timestamp,project_name,run_id,duration,emissions,emissions_rate,cpu_power,gpu_power,ram_power,cpu_energy,gpu_energy,ram_energy,energy_consumed,country_name,country_iso_code,region,cloud_provider,cloud_region,os,python_version,codecarbon_version,cpu_count,cpu_model,gpu_count,gpu_model,longitude,latitude,ram_total_size,tracking_mode,on_cloud
2024-03-04T17:40:24,codecarbon,7313b964-9cce-4eeb-8f04-cab5a2daacc3,10.207772254943848,1.545805295686081e-05,1.5143414812545544e-06,35.013784542711115,0.0,5.747885227203369,0.0001535743553593,0,1.6283159055717154e-05,0.0001698575144151,Austria,AUT,carinthia,,,Linux-6.5.0-21-generic-x86_64-with-glibc2.35,3.10.13,2.2.2,12,Intel(R) Core(TM) i7-9750H CPU @ 2.60GHz,,,13.5169,46.8129,15.327693939208984,machine,N
2024-03-04T17:40:35,codecarbon,7313b964-9cce-4eeb-8f04-cab5a2daacc3,20.942449808120728,1.545805295686081e-05,7.381205684383083e-07,35.013784542711115,0.0,5.747885227203369,0.0001535743553593,0,1.6283159055717154e-05,0.0001698575144151,Austria,AUT,carinthia,,,Linux-6.5.0-21-generic-x86_64-with-glibc2.35,3.10.13,2.2.2,12,Intel(R) Core(TM) i7-9750H CPU @ 2.60GHz,,,13.5169,46.8129,15.327693939208984,machine,N
2024-03-04T17:40:46,codecarbon,7313b964-9cce-4eeb-8f04-cab5a2daacc3,31.9175488948822,1.545805295686081e-05,4.843120318471391e-07,35.013784542711115,0.0,5.747885227203369,0.0001535743553593,0,1.6283159055717154e-05,0.0001698575144151,Austria,AUT,carinthia,,,Linux-6.5.0-21-generic-x86_64-with-glibc2.35,3.10.13,2.2.2,12,Intel(R) Core(TM) i7-9750H CPU @ 2.60GHz,,,13.5169,46.8129,15.327693939208984,machine,N
2024-03-04T17:40:57,codecarbon,7313b964-9cce-4eeb-8f04-cab5a2daacc3,43.01108241081238,1.545805295686081e-05,3.593969760913265e-07,35.013784542711115,0.0,5.747885227203369,0.0001535743553593,0,1.6283159055717154e-05,0.0001698575144151,Austria,AUT,carinthia,,,Linux-6.5.0-21-generic-x86_64-with-glibc2.35,3.10.13,2.2.2,12,Intel(R) Core(TM) i7-9750H CPU @ 2.60GHz,,,13.5169,46.8129,15.327693939208984,machine,N
2024-03-04T17:41:08,codecarbon,7313b964-9cce-4eeb-8f04-cab5a2daacc3,54.14781856536865,1.545805295686081e-05,2.854787758106903e-07,35.013784542711115,0.0,5.747885227203369,0.00015357435535938522,0,1.6283159055717154e-05,0.0001698575144151024,Austria,AUT,carinthia,,,Linux-6.5.0-21-generic-x86_64-with-glibc2.35,3.10.13,2.2.2,12,Intel(R) Core(TM) i7-9750H CPU @ 2.60GHz,,,13.5169,46.8129,15.327693939208984,machine,N
