timestamp,project_name,run_id,duration,emissions,emissions_rate,cpu_power,gpu_power,ram_power,cpu_energy,gpu_energy,ram_energy,energy_consumed,country_name,country_iso_code,region,cloud_provider,cloud_region,os,python_version,codecarbon_version,cpu_count,cpu_model,gpu_count,gpu_model,longitude,latitude,ram_total_size,tracking_mode,on_cloud
2024-03-05T17:49:39,Beauty_s000_0.125s_1,3720d0d9-9a4f-4546-a180-eb0c7031677b,10.311374425888062,7.356136831814941e-06,7.134002246438061e-07,22.5,0.0,5.747886657714844,6.441628634929656e-05,0,1.641505259335493e-05,8.083133894265148e-05,Austria,AUT,carinthia,,,Linux-6.5.0-21-generic-x86_64-with-glibc2.35,3.10.13,2.2.2,12,Intel(R) Core(TM) i7-9750H CPU @ 2.60GHz,,,13.5169,46.8129,15.32769775390625,machine,N
2024-03-05T17:49:50,Beauty_s000_0.125s_2,3720d0d9-9a4f-4546-a180-eb0c7031677b,21.298604011535645,7.356136831814941e-06,3.453811727675084e-07,22.5,0.0,5.747886657714844,6.441628634929656e-05,0,1.641505259335493e-05,8.083133894265148e-05,Austria,AUT,carinthia,,,Linux-6.5.0-21-generic-x86_64-with-glibc2.35,3.10.13,2.2.2,12,Intel(R) Core(TM) i7-9750H CPU @ 2.60GHz,,,13.5169,46.8129,15.32769775390625,machine,N
2024-03-05T17:50:01,Beauty_s000_0.125s_3,3720d0d9-9a4f-4546-a180-eb0c7031677b,32.39216589927673,7.356136831814941e-06,2.270961705583013e-07,22.5,0.0,5.747886657714844,6.441628634929656e-05,0,1.641505259335493e-05,8.083133894265148e-05,Austria,AUT,carinthia,,,Linux-6.5.0-21-generic-x86_64-with-glibc2.35,3.10.13,2.2.2,12,Intel(R) Core(TM) i7-9750H CPU @ 2.60GHz,,,13.5169,46.8129,15.32769775390625,machine,N
2024-03-05T17:50:13,Beauty_s000_0.125s_4,3720d0d9-9a4f-4546-a180-eb0c7031677b,43.77398061752319,7.356136831814941e-06,1.6804815847316842e-07,22.5,0.0,5.747886657714844,6.441628634929656e-05,0,1.641505259335493e-05,8.083133894265148e-05,Austria,AUT,carinthia,,,Linux-6.5.0-21-generic-x86_64-with-glibc2.35,3.10.13,2.2.2,12,Intel(R) Core(TM) i7-9750H CPU @ 2.60GHz,,,13.5169,46.8129,15.32769775390625,machine,N
2024-03-05T17:50:24,Beauty_s000_0.125s_5,3720d0d9-9a4f-4546-a180-eb0c7031677b,55.15151023864746,7.356136831814941e-06,1.3338051487591217e-07,22.5,0.0,5.747886657714844,6.441628634929656e-05,0,1.641505259335493e-05,8.083133894265148e-05,Austria,AUT,carinthia,,,Linux-6.5.0-21-generic-x86_64-with-glibc2.35,3.10.13,2.2.2,12,Intel(R) Core(TM) i7-9750H CPU @ 2.60GHz,,,13.5169,46.8129,15.32769775390625,machine,N
2024-03-05T17:50:36,Beauty_s000_0.125s_6,3720d0d9-9a4f-4546-a180-eb0c7031677b,66.60047554969788,7.356136831814941e-06,1.104517163143336e-07,22.5,0.0,5.747886657714844,6.441628634929656e-05,0,1.641505259335493e-05,8.083133894265148e-05,Austria,AUT,carinthia,,,Linux-6.5.0-21-generic-x86_64-with-glibc2.35,3.10.13,2.2.2,12,Intel(R) Core(TM) i7-9750H CPU @ 2.60GHz,,,13.5169,46.8129,15.32769775390625,machine,N
2024-03-05T17:50:47,Beauty_s000_0.125s_7,3720d0d9-9a4f-4546-a180-eb0c7031677b,78.10294389724731,7.356136831814941e-06,9.418514161889616e-08,22.5,0.0,5.747886657714844,6.441628634929656e-05,0,1.641505259335493e-05,8.083133894265148e-05,Austria,AUT,carinthia,,,Linux-6.5.0-21-generic-x86_64-with-glibc2.35,3.10.13,2.2.2,12,Intel(R) Core(TM) i7-9750H CPU @ 2.60GHz,,,13.5169,46.8129,15.32769775390625,machine,N
2024-03-05T17:50:59,Beauty_s000_0.125s_8,3720d0d9-9a4f-4546-a180-eb0c7031677b,89.61650943756104,7.356136831814941e-06,8.208461675178522e-08,22.5,0.0,5.747886657714844,6.441628634929656e-05,0,1.641505259335493e-05,8.083133894265148e-05,Austria,AUT,carinthia,,,Linux-6.5.0-21-generic-x86_64-with-glibc2.35,3.10.13,2.2.2,12,Intel(R) Core(TM) i7-9750H CPU @ 2.60GHz,,,13.5169,46.8129,15.32769775390625,machine,N
2024-03-05T17:51:10,Beauty_s000_0.125s_9,3720d0d9-9a4f-4546-a180-eb0c7031677b,101.188942193985,7.356136831814941e-06,7.269704250601618e-08,22.5,0.0,5.747886657714844,6.441628634929656e-05,0,1.641505259335493e-05,8.083133894265148e-05,Austria,AUT,carinthia,,,Linux-6.5.0-21-generic-x86_64-with-glibc2.35,3.10.13,2.2.2,12,Intel(R) Core(TM) i7-9750H CPU @ 2.60GHz,,,13.5169,46.8129,15.32769775390625,machine,N
2024-03-05T17:51:22,Beauty_s000_0.125s_10,3720d0d9-9a4f-4546-a180-eb0c7031677b,112.85042643547058,7.356136831814941e-06,6.518483858828199e-08,22.5,0.0,5.747886657714844,6.441628634929656e-05,0,1.641505259335493e-05,8.083133894265148e-05,Austria,AUT,carinthia,,,Linux-6.5.0-21-generic-x86_64-with-glibc2.35,3.10.13,2.2.2,12,Intel(R) Core(TM) i7-9750H CPU @ 2.60GHz,,,13.5169,46.8129,15.32769775390625,machine,N
2024-03-05T17:51:38,Beauty_s000_0.25s_1,55c55351-5586-437e-b205-e854ceec6627,11.106192827224731,7.926542831102967e-06,7.137047730409062e-07,22.5,0.0,5.747886657714844,6.939585059881207e-05,0,1.7703272877694568e-05,8.709912347650669e-05,Austria,AUT,carinthia,,,Linux-6.5.0-21-generic-x86_64-with-glibc2.35,3.10.13,2.2.2,12,Intel(R) Core(TM) i7-9750H CPU @ 2.60GHz,,,13.5169,46.8129,15.32769775390625,machine,N
2024-03-05T17:51:49,Beauty_s000_0.25s_2,55c55351-5586-437e-b205-e854ceec6627,22.72906923294068,7.926542831102967e-06,3.487403179543853e-07,22.5,0.0,5.747886657714844,6.939585059881207e-05,0,1.7703272877694568e-05,8.709912347650669e-05,Austria,AUT,carinthia,,,Linux-6.5.0-21-generic-x86_64-with-glibc2.35,3.10.13,2.2.2,12,Intel(R) Core(TM) i7-9750H CPU @ 2.60GHz,,,13.5169,46.8129,15.32769775390625,machine,N
2024-03-05T17:52:01,Beauty_s000_0.25s_3,55c55351-5586-437e-b205-e854ceec6627,34.40571141242981,7.926542831102967e-06,2.303845061096261e-07,22.5,0.0,5.747886657714844,6.939585059881207e-05,0,1.7703272877694568e-05,8.709912347650669e-05,Austria,AUT,carinthia,,,Linux-6.5.0-21-generic-x86_64-with-glibc2.35,3.10.13,2.2.2,12,Intel(R) Core(TM) i7-9750H CPU @ 2.60GHz,,,13.5169,46.8129,15.32769775390625,machine,N
2024-03-05T17:52:13,Beauty_s000_0.25s_4,55c55351-5586-437e-b205-e854ceec6627,46.19537162780762,7.926542831102967e-06,1.7158738098194085e-07,22.5,0.0,5.747886657714844,6.939585059881207e-05,0,1.7703272877694568e-05,8.709912347650669e-05,Austria,AUT,carinthia,,,Linux-6.5.0-21-generic-x86_64-with-glibc2.35,3.10.13,2.2.2,12,Intel(R) Core(TM) i7-9750H CPU @ 2.60GHz,,,13.5169,46.8129,15.32769775390625,machine,N
2024-03-05T17:52:24,Beauty_s000_0.25s_5,55c55351-5586-437e-b205-e854ceec6627,57.93654799461365,7.926542831102967e-06,1.3681420632516626e-07,22.5,0.0,5.747886657714844,6.939585059881207e-05,0,1.7703272877694568e-05,8.709912347650669e-05,Austria,AUT,carinthia,,,Linux-6.5.0-21-generic-x86_64-with-glibc2.35,3.10.13,2.2.2,12,Intel(R) Core(TM) i7-9750H CPU @ 2.60GHz,,,13.5169,46.8129,15.32769775390625,machine,N
2024-03-05T17:52:36,Beauty_s000_0.25s_6,55c55351-5586-437e-b205-e854ceec6627,69.7123670578003,7.926542831102967e-06,1.1370353877857669e-07,22.5,0.0,5.747886657714844,6.939585059881207e-05,0,1.7703272877694568e-05,8.709912347650669e-05,Austria,AUT,carinthia,,,Linux-6.5.0-21-generic-x86_64-with-glibc2.35,3.10.13,2.2.2,12,Intel(R) Core(TM) i7-9750H CPU @ 2.60GHz,,,13.5169,46.8129,15.32769775390625,machine,N
2024-03-05T17:52:48,Beauty_s000_0.25s_7,55c55351-5586-437e-b205-e854ceec6627,81.50661659240723,7.926542831102967e-06,9.725029896335272e-08,22.5,0.0,5.747886657714844,6.939585059881207e-05,0,1.7703272877694568e-05,8.709912347650669e-05,Austria,AUT,carinthia,,,Linux-6.5.0-21-generic-x86_64-with-glibc2.35,3.10.13,2.2.2,12,Intel(R) Core(TM) i7-9750H CPU @ 2.60GHz,,,13.5169,46.8129,15.32769775390625,machine,N
2024-03-05T17:53:00,Beauty_s000_0.25s_8,55c55351-5586-437e-b205-e854ceec6627,93.33869552612305,7.926542831102967e-06,8.49223656536376e-08,22.5,0.0,5.747886657714844,6.939585059881207e-05,0,1.7703272877694568e-05,8.709912347650669e-05,Austria,AUT,carinthia,,,Linux-6.5.0-21-generic-x86_64-with-glibc2.35,3.10.13,2.2.2,12,Intel(R) Core(TM) i7-9750H CPU @ 2.60GHz,,,13.5169,46.8129,15.32769775390625,machine,N
2024-03-05T17:53:12,Beauty_s000_0.25s_9,55c55351-5586-437e-b205-e854ceec6627,105.20573425292967,7.926542831102967e-06,7.534325849621867e-08,22.5,0.0,5.747886657714844,6.939585059881207e-05,0,1.7703272877694568e-05,8.709912347650669e-05,Austria,AUT,carinthia,,,Linux-6.5.0-21-generic-x86_64-with-glibc2.35,3.10.13,2.2.2,12,Intel(R) Core(TM) i7-9750H CPU @ 2.60GHz,,,13.5169,46.8129,15.32769775390625,machine,N
2024-03-05T17:53:24,Beauty_s000_0.25s_10,55c55351-5586-437e-b205-e854ceec6627,117.10852265357973,7.926542831102967e-06,6.76854480911742e-08,22.5,0.0,5.747886657714844,6.939585059881207e-05,0,1.7703272877694568e-05,8.709912347650669e-05,Austria,AUT,carinthia,,,Linux-6.5.0-21-generic-x86_64-with-glibc2.35,3.10.13,2.2.2,12,Intel(R) Core(TM) i7-9750H CPU @ 2.60GHz,,,13.5169,46.8129,15.32769775390625,machine,N
2024-03-05T17:53:39,Beauty_s000_0.5s_1,90147490-69cb-4952-aa13-7f85f883fb0e,11.460124015808104,8.181218570919698e-06,7.13885692653458e-07,22.5,0.0,5.747886657714844,7.161613404750824e-05,0,1.828143941929284e-05,8.989757346680106e-05,Austria,AUT,carinthia,,,Linux-6.5.0-21-generic-x86_64-with-glibc2.35,3.10.13,2.2.2,12,Intel(R) Core(TM) i7-9750H CPU @ 2.60GHz,,,13.5169,46.8129,15.32769775390625,machine,N
2024-03-05T17:53:51,Beauty_s000_0.5s_2,90147490-69cb-4952-aa13-7f85f883fb0e,23.153120040893555,8.181218570919698e-06,3.5335274712305937e-07,22.5,0.0,5.747886657714844,7.161613404750824e-05,0,1.828143941929284e-05,8.989757346680106e-05,Austria,AUT,carinthia,,,Linux-6.5.0-21-generic-x86_64-with-glibc2.35,3.10.13,2.2.2,12,Intel(R) Core(TM) i7-9750H CPU @ 2.60GHz,,,13.5169,46.8129,15.32769775390625,machine,N
2024-03-05T17:54:03,Beauty_s000_0.5s_3,90147490-69cb-4952-aa13-7f85f883fb0e,35.03415870666504,8.181218570919698e-06,2.3352119397013722e-07,22.5,0.0,5.747886657714844,7.161613404750824e-05,0,1.828143941929284e-05,8.989757346680106e-05,Austria,AUT,carinthia,,,Linux-6.5.0-21-generic-x86_64-with-glibc2.35,3.10.13,2.2.2,12,Intel(R) Core(TM) i7-9750H CPU @ 2.60GHz,,,13.5169,46.8129,15.32769775390625,machine,N
2024-03-05T17:54:15,Beauty_s000_0.5s_4,90147490-69cb-4952-aa13-7f85f883fb0e,46.9673855304718,8.181218570919698e-06,1.7418935455991764e-07,22.5,0.0,5.747886657714844,7.161613404750824e-05,0,1.828143941929284e-05,8.989757346680106e-05,Austria,AUT,carinthia,,,Linux-6.5.0-21-generic-x86_64-with-glibc2.35,3.10.13,2.2.2,12,Intel(R) Core(TM) i7-9750H CPU @ 2.60GHz,,,13.5169,46.8129,15.32769775390625,machine,N
2024-03-05T17:54:27,Beauty_s000_0.5s_5,90147490-69cb-4952-aa13-7f85f883fb0e,58.84429717063904,8.181218570919698e-06,1.390316303242687e-07,22.5,0.0,5.747886657714844,7.161613404750824e-05,0,1.828143941929284e-05,8.989757346680106e-05,Austria,AUT,carinthia,,,Linux-6.5.0-21-generic-x86_64-with-glibc2.35,3.10.13,2.2.2,12,Intel(R) Core(TM) i7-9750H CPU @ 2.60GHz,,,13.5169,46.8129,15.32769775390625,machine,N
2024-03-05T17:54:39,Beauty_s000_0.5s_6,90147490-69cb-4952-aa13-7f85f883fb0e,70.72710037231445,8.181218570919698e-06,1.156730380271912e-07,22.5,0.0,5.747886657714844,7.161613404750824e-05,0,1.828143941929284e-05,8.989757346680106e-05,Austria,AUT,carinthia,,,Linux-6.5.0-21-generic-x86_64-with-glibc2.35,3.10.13,2.2.2,12,Intel(R) Core(TM) i7-9750H CPU @ 2.60GHz,,,13.5169,46.8129,15.32769775390625,machine,N
2024-03-05T17:54:51,Beauty_s000_0.5s_7,90147490-69cb-4952-aa13-7f85f883fb0e,82.58721661567688,8.181218570919698e-06,9.906156068912393e-08,22.5,0.0,5.747886657714844,7.161613404750824e-05,0,1.828143941929284e-05,8.989757346680106e-05,Austria,AUT,carinthia,,,Linux-6.5.0-21-generic-x86_64-with-glibc2.35,3.10.13,2.2.2,12,Intel(R) Core(TM) i7-9750H CPU @ 2.60GHz,,,13.5169,46.8129,15.32769775390625,machine,N
2024-03-05T17:55:03,Beauty_s000_0.5s_8,90147490-69cb-4952-aa13-7f85f883fb0e,94.5275650024414,8.181218570919698e-06,8.654849588803434e-08,22.5,0.0,5.747886657714844,7.161613404750824e-05,0,1.828143941929284e-05,8.989757346680106e-05,Austria,AUT,carinthia,,,Linux-6.5.0-21-generic-x86_64-with-glibc2.35,3.10.13,2.2.2,12,Intel(R) Core(TM) i7-9750H CPU @ 2.60GHz,,,13.5169,46.8129,15.32769775390625,machine,N
2024-03-05T17:55:14,Beauty_s000_0.5s_9,90147490-69cb-4952-aa13-7f85f883fb0e,106.514146566391,8.181218570919698e-06,7.680875108754017e-08,22.5,0.0,5.747886657714844,7.161613404750824e-05,0,1.828143941929284e-05,8.989757346680106e-05,Austria,AUT,carinthia,,,Linux-6.5.0-21-generic-x86_64-with-glibc2.35,3.10.13,2.2.2,12,Intel(R) Core(TM) i7-9750H CPU @ 2.60GHz,,,13.5169,46.8129,15.32769775390625,machine,N
2024-03-05T17:55:26,Beauty_s000_0.5s_10,90147490-69cb-4952-aa13-7f85f883fb0e,118.44654655456544,8.181218570919698e-06,6.907097597101162e-08,22.5,0.0,5.747886657714844,7.161613404750824e-05,0,1.828143941929284e-05,8.989757346680106e-05,Austria,AUT,carinthia,,,Linux-6.5.0-21-generic-x86_64-with-glibc2.35,3.10.13,2.2.2,12,Intel(R) Core(TM) i7-9750H CPU @ 2.60GHz,,,13.5169,46.8129,15.32769775390625,machine,N
2024-03-05T17:55:42,Beauty_s000_0.75s_1,052f6c11-6241-451d-9445-601abd9e2af3,11.448083400726318,8.173376024488168e-06,7.139514745297551e-07,22.5,0.0,5.747886657714844,7.154400795698165e-05,0,1.826738936284528e-05,8.981139731982691e-05,Austria,AUT,carinthia,,,Linux-6.5.0-21-generic-x86_64-with-glibc2.35,3.10.13,2.2.2,12,Intel(R) Core(TM) i7-9750H CPU @ 2.60GHz,,,13.5169,46.8129,15.32769775390625,machine,N
2024-03-05T17:55:54,Beauty_s000_0.75s_2,052f6c11-6241-451d-9445-601abd9e2af3,23.29739880561829,8.173376024488168e-06,3.508278367333059e-07,22.5,0.0,5.747886657714844,7.154400795698165e-05,0,1.826738936284528e-05,8.981139731982691e-05,Austria,AUT,carinthia,,,Linux-6.5.0-21-generic-x86_64-with-glibc2.35,3.10.13,2.2.2,12,Intel(R) Core(TM) i7-9750H CPU @ 2.60GHz,,,13.5169,46.8129,15.32769775390625,machine,N
2024-03-05T17:56:06,Beauty_s000_0.75s_3,052f6c11-6241-451d-9445-601abd9e2af3,35.22263169288635,8.173376024488168e-06,2.320489875871167e-07,22.5,0.0,5.747886657714844,7.154400795698165e-05,0,1.826738936284528e-05,8.981139731982691e-05,Austria,AUT,carinthia,,,Linux-6.5.0-21-generic-x86_64-with-glibc2.35,3.10.13,2.2.2,12,Intel(R) Core(TM) i7-9750H CPU @ 2.60GHz,,,13.5169,46.8129,15.32769775390625,machine,N
2024-03-05T17:56:18,Beauty_s000_0.75s_4,052f6c11-6241-451d-9445-601abd9e2af3,47.167325258255005,8.173376024488168e-06,1.7328470460719418e-07,22.5,0.0,5.747886657714844,7.154400795698165e-05,0,1.826738936284528e-05,8.981139731982691e-05,Austria,AUT,carinthia,,,Linux-6.5.0-21-generic-x86_64-with-glibc2.35,3.10.13,2.2.2,12,Intel(R) Core(TM) i7-9750H CPU @ 2.60GHz,,,13.5169,46.8129,15.32769775390625,machine,N
2024-03-05T17:56:30,Beauty_s000_0.75s_5,052f6c11-6241-451d-9445-601abd9e2af3,59.11188530921936,8.173376024488168e-06,1.3826958794720448e-07,22.5,0.0,5.747886657714844,7.154400795698165e-05,0,1.826738936284528e-05,8.981139731982691e-05,Austria,AUT,carinthia,,,Linux-6.5.0-21-generic-x86_64-with-glibc2.35,3.10.13,2.2.2,12,Intel(R) Core(TM) i7-9750H CPU @ 2.60GHz,,,13.5169,46.8129,15.32769775390625,machine,N
2024-03-05T17:56:42,Beauty_s000_0.75s_6,052f6c11-6241-451d-9445-601abd9e2af3,71.14838242530823,8.173376024488168e-06,1.1487788964237664e-07,22.5,0.0,5.747886657714844,7.154400795698165e-05,0,1.826738936284528e-05,8.981139731982691e-05,Austria,AUT,carinthia,,,Linux-6.5.0-21-generic-x86_64-with-glibc2.35,3.10.13,2.2.2,12,Intel(R) Core(TM) i7-9750H CPU @ 2.60GHz,,,13.5169,46.8129,15.32769775390625,machine,N
2024-03-05T17:56:54,Beauty_s000_0.75s_7,052f6c11-6241-451d-9445-601abd9e2af3,83.15726256370544,8.173376024488168e-06,9.828818040067969e-08,22.5,0.0,5.747886657714844,7.154400795698165e-05,0,1.826738936284528e-05,8.981139731982691e-05,Austria,AUT,carinthia,,,Linux-6.5.0-21-generic-x86_64-with-glibc2.35,3.10.13,2.2.2,12,Intel(R) Core(TM) i7-9750H CPU @ 2.60GHz,,,13.5169,46.8129,15.32769775390625,machine,N
2024-03-05T17:57:06,Beauty_s000_0.75s_8,052f6c11-6241-451d-9445-601abd9e2af3,95.11098861694336,8.173376024488168e-06,8.59351389712307e-08,22.5,0.0,5.747886657714844,7.154400795698165e-05,0,1.826738936284528e-05,8.981139731982691e-05,Austria,AUT,carinthia,,,Linux-6.5.0-21-generic-x86_64-with-glibc2.35,3.10.13,2.2.2,12,Intel(R) Core(TM) i7-9750H CPU @ 2.60GHz,,,13.5169,46.8129,15.32769775390625,machine,N
2024-03-05T17:57:18,Beauty_s000_0.75s_9,052f6c11-6241-451d-9445-601abd9e2af3,107.11289429664612,8.173376024488168e-06,7.630618216563391e-08,22.5,0.0,5.747886657714844,7.154400795698165e-05,0,1.826738936284528e-05,8.981139731982691e-05,Austria,AUT,carinthia,,,Linux-6.5.0-21-generic-x86_64-with-glibc2.35,3.10.13,2.2.2,12,Intel(R) Core(TM) i7-9750H CPU @ 2.60GHz,,,13.5169,46.8129,15.32769775390625,machine,N
2024-03-05T17:57:30,Beauty_s000_0.75s_10,052f6c11-6241-451d-9445-601abd9e2af3,119.11728930473328,8.173376024488168e-06,6.861620233464624e-08,22.5,0.0,5.747886657714844,7.154400795698165e-05,0,1.826738936284528e-05,8.981139731982691e-05,Austria,AUT,carinthia,,,Linux-6.5.0-21-generic-x86_64-with-glibc2.35,3.10.13,2.2.2,12,Intel(R) Core(TM) i7-9750H CPU @ 2.60GHz,,,13.5169,46.8129,15.32769775390625,machine,N
2024-03-05T17:57:46,Beauty_s000_1.0s_1,b9bfe32b-5a34-4565-8b0f-ebaa10f43205,11.38013482093811,8.125228729892959e-06,7.139835210865422e-07,22.5,0.0,5.747886657714844,7.112088650465011e-05,0,1.816145454860968e-05,8.928234105325977e-05,Austria,AUT,carinthia,,,Linux-6.5.0-21-generic-x86_64-with-glibc2.35,3.10.13,2.2.2,12,Intel(R) Core(TM) i7-9750H CPU @ 2.60GHz,,,13.5169,46.8129,15.32769775390625,machine,N
2024-03-05T17:57:58,Beauty_s000_1.0s_2,b9bfe32b-5a34-4565-8b0f-ebaa10f43205,23.377910375595093,8.125228729892959e-06,3.4756009409528453e-07,22.5,0.0,5.747886657714844,7.112088650465011e-05,0,1.816145454860968e-05,8.928234105325977e-05,Austria,AUT,carinthia,,,Linux-6.5.0-21-generic-x86_64-with-glibc2.35,3.10.13,2.2.2,12,Intel(R) Core(TM) i7-9750H CPU @ 2.60GHz,,,13.5169,46.8129,15.32769775390625,machine,N
2024-03-05T17:58:10,Beauty_s000_1.0s_3,b9bfe32b-5a34-4565-8b0f-ebaa10f43205,35.39405846595764,8.125228729892959e-06,2.295647654452481e-07,22.5,0.0,5.747886657714844,7.112088650465011e-05,0,1.816145454860968e-05,8.928234105325977e-05,Austria,AUT,carinthia,,,Linux-6.5.0-21-generic-x86_64-with-glibc2.35,3.10.13,2.2.2,12,Intel(R) Core(TM) i7-9750H CPU @ 2.60GHz,,,13.5169,46.8129,15.32769775390625,machine,N
2024-03-05T17:58:22,Beauty_s000_1.0s_4,b9bfe32b-5a34-4565-8b0f-ebaa10f43205,47.37943840026856,8.125228729892959e-06,1.7149271929417602e-07,22.5,0.0,5.747886657714844,7.112088650465011e-05,0,1.816145454860968e-05,8.928234105325977e-05,Austria,AUT,carinthia,,,Linux-6.5.0-21-generic-x86_64-with-glibc2.35,3.10.13,2.2.2,12,Intel(R) Core(TM) i7-9750H CPU @ 2.60GHz,,,13.5169,46.8129,15.32769775390625,machine,N
2024-03-05T17:58:34,Beauty_s000_1.0s_5,b9bfe32b-5a34-4565-8b0f-ebaa10f43205,59.42119574546814,8.125228729892959e-06,1.367395695754346e-07,22.5,0.0,5.747886657714844,7.112088650465011e-05,0,1.816145454860968e-05,8.928234105325977e-05,Austria,AUT,carinthia,,,Linux-6.5.0-21-generic-x86_64-with-glibc2.35,3.10.13,2.2.2,12,Intel(R) Core(TM) i7-9750H CPU @ 2.60GHz,,,13.5169,46.8129,15.32769775390625,machine,N
2024-03-05T17:58:46,Beauty_s000_1.0s_6,b9bfe32b-5a34-4565-8b0f-ebaa10f43205,71.46933794021606,8.125228729892959e-06,1.136883167532585e-07,22.5,0.0,5.747886657714844,7.112088650465011e-05,0,1.816145454860968e-05,8.928234105325977e-05,Austria,AUT,carinthia,,,Linux-6.5.0-21-generic-x86_64-with-glibc2.35,3.10.13,2.2.2,12,Intel(R) Core(TM) i7-9750H CPU @ 2.60GHz,,,13.5169,46.8129,15.32769775390625,machine,N
2024-03-05T17:58:58,Beauty_s000_1.0s_7,b9bfe32b-5a34-4565-8b0f-ebaa10f43205,83.581791639328,8.125228729892959e-06,9.721290451579373e-08,22.5,0.0,5.747886657714844,7.112088650465011e-05,0,1.816145454860968e-05,8.928234105325977e-05,Austria,AUT,carinthia,,,Linux-6.5.0-21-generic-x86_64-with-glibc2.35,3.10.13,2.2.2,12,Intel(R) Core(TM) i7-9750H CPU @ 2.60GHz,,,13.5169,46.8129,15.32769775390625,machine,N
2024-03-05T17:59:10,Beauty_s000_1.0s_8,b9bfe32b-5a34-4565-8b0f-ebaa10f43205,95.5816593170166,8.125228729892959e-06,8.50082409946864e-08,22.5,0.0,5.747886657714844,7.112088650465011e-05,0,1.816145454860968e-05,8.928234105325977e-05,Austria,AUT,carinthia,,,Linux-6.5.0-21-generic-x86_64-with-glibc2.35,3.10.13,2.2.2,12,Intel(R) Core(TM) i7-9750H CPU @ 2.60GHz,,,13.5169,46.8129,15.32769775390625,machine,N
2024-03-05T17:59:22,Beauty_s000_1.0s_9,b9bfe32b-5a34-4565-8b0f-ebaa10f43205,107.67179226875304,8.125228729892959e-06,7.546292820697243e-08,22.5,0.0,5.747886657714844,7.112088650465011e-05,0,1.816145454860968e-05,8.928234105325977e-05,Austria,AUT,carinthia,,,Linux-6.5.0-21-generic-x86_64-with-glibc2.35,3.10.13,2.2.2,12,Intel(R) Core(TM) i7-9750H CPU @ 2.60GHz,,,13.5169,46.8129,15.32769775390625,machine,N
2024-03-05T17:59:34,Beauty_s000_1.0s_10,b9bfe32b-5a34-4565-8b0f-ebaa10f43205,119.66353178024292,8.125228729892959e-06,6.790062610565934e-08,22.5,0.0,5.747886657714844,7.112088650465011e-05,0,1.816145454860968e-05,8.928234105325977e-05,Austria,AUT,carinthia,,,Linux-6.5.0-21-generic-x86_64-with-glibc2.35,3.10.13,2.2.2,12,Intel(R) Core(TM) i7-9750H CPU @ 2.60GHz,,,13.5169,46.8129,15.32769775390625,machine,N
2024-03-05T17:59:50,Beauty_s000_1.25s_1,6b433c12-320a-4261-bc27-bf7898c2c8a4,11.487866401672363,8.202373536388561e-06,7.140032143126672e-07,22.5,0.0,5.747886657714844,7.179508805274962e-05,0,1.833494223523758e-05,9.01300302879872e-05,Austria,AUT,carinthia,,,Linux-6.5.0-21-generic-x86_64-with-glibc2.35,3.10.13,2.2.2,12,Intel(R) Core(TM) i7-9750H CPU @ 2.60GHz,,,13.5169,46.8129,15.32769775390625,machine,N
2024-03-05T18:00:02,Beauty_s000_1.25s_2,6b433c12-320a-4261-bc27-bf7898c2c8a4,23.48153042793274,8.202373536388561e-06,3.4931170953965284e-07,22.5,0.0,5.747886657714844,7.179508805274962e-05,0,1.833494223523758e-05,9.01300302879872e-05,Austria,AUT,carinthia,,,Linux-6.5.0-21-generic-x86_64-with-glibc2.35,3.10.13,2.2.2,12,Intel(R) Core(TM) i7-9750H CPU @ 2.60GHz,,,13.5169,46.8129,15.32769775390625,machine,N
2024-03-05T18:00:14,Beauty_s000_1.25s_3,6b433c12-320a-4261-bc27-bf7898c2c8a4,35.46290850639343,8.202373536388561e-06,2.3129443922823746e-07,22.5,0.0,5.747886657714844,7.179508805274962e-05,0,1.833494223523758e-05,9.01300302879872e-05,Austria,AUT,carinthia,,,Linux-6.5.0-21-generic-x86_64-with-glibc2.35,3.10.13,2.2.2,12,Intel(R) Core(TM) i7-9750H CPU @ 2.60GHz,,,13.5169,46.8129,15.32769775390625,machine,N
2024-03-05T18:00:26,Beauty_s000_1.25s_4,6b433c12-320a-4261-bc27-bf7898c2c8a4,47.45379686355591,8.202373536388561e-06,1.728496786036506e-07,22.5,0.0,5.747886657714844,7.179508805274962e-05,0,1.833494223523758e-05,9.01300302879872e-05,Austria,AUT,carinthia,,,Linux-6.5.0-21-generic-x86_64-with-glibc2.35,3.10.13,2.2.2,12,Intel(R) Core(TM) i7-9750H CPU @ 2.60GHz,,,13.5169,46.8129,15.32769775390625,machine,N
2024-03-05T18:00:38,Beauty_s000_1.25s_5,6b433c12-320a-4261-bc27-bf7898c2c8a4,59.538206338882446,8.202373536388561e-06,1.3776655429795608e-07,22.5,0.0,5.747886657714844,7.179508805274962e-05,0,1.833494223523758e-05,9.01300302879872e-05,Austria,AUT,carinthia,,,Linux-6.5.0-21-generic-x86_64-with-glibc2.35,3.10.13,2.2.2,12,Intel(R) Core(TM) i7-9750H CPU @ 2.60GHz,,,13.5169,46.8129,15.32769775390625,machine,N
2024-03-05T18:00:50,Beauty_s000_1.25s_6,6b433c12-320a-4261-bc27-bf7898c2c8a4,71.62154054641724,8.202373536388561e-06,1.1452383561999313e-07,22.5,0.0,5.747886657714844,7.179508805274962e-05,0,1.833494223523758e-05,9.01300302879872e-05,Austria,AUT,carinthia,,,Linux-6.5.0-21-generic-x86_64-with-glibc2.35,3.10.13,2.2.2,12,Intel(R) Core(TM) i7-9750H CPU @ 2.60GHz,,,13.5169,46.8129,15.32769775390625,machine,N
2024-03-05T18:01:02,Beauty_s000_1.25s_7,6b433c12-320a-4261-bc27-bf7898c2c8a4,83.62500309944153,8.202373536388561e-06,9.808518065625448e-08,22.5,0.0,5.747886657714844,7.179508805274962e-05,0,1.833494223523758e-05,9.01300302879872e-05,Austria,AUT,carinthia,,,Linux-6.5.0-21-generic-x86_64-with-glibc2.35,3.10.13,2.2.2,12,Intel(R) Core(TM) i7-9750H CPU @ 2.60GHz,,,13.5169,46.8129,15.32769775390625,machine,N
2024-03-05T18:01:14,Beauty_s000_1.25s_8,6b433c12-320a-4261-bc27-bf7898c2c8a4,95.71177864074708,8.202373536388561e-06,8.56986846642571e-08,22.5,0.0,5.747886657714844,7.179508805274962e-05,0,1.833494223523758e-05,9.01300302879872e-05,Austria,AUT,carinthia,,,Linux-6.5.0-21-generic-x86_64-with-glibc2.35,3.10.13,2.2.2,12,Intel(R) Core(TM) i7-9750H CPU @ 2.60GHz,,,13.5169,46.8129,15.32769775390625,machine,N
2024-03-05T18:01:26,Beauty_s000_1.25s_9,6b433c12-320a-4261-bc27-bf7898c2c8a4,107.6757516860962,8.202373536388561e-06,7.61766080844338e-08,22.5,0.0,5.747886657714844,7.179508805274962e-05,0,1.833494223523758e-05,9.01300302879872e-05,Austria,AUT,carinthia,,,Linux-6.5.0-21-generic-x86_64-with-glibc2.35,3.10.13,2.2.2,12,Intel(R) Core(TM) i7-9750H CPU @ 2.60GHz,,,13.5169,46.8129,15.32769775390625,machine,N
2024-03-05T18:01:38,Beauty_s000_1.25s_10,6b433c12-320a-4261-bc27-bf7898c2c8a4,119.7610604763031,8.202373536388561e-06,6.848948651395376e-08,22.5,0.0,5.747886657714844,7.179508805274962e-05,0,1.833494223523758e-05,9.01300302879872e-05,Austria,AUT,carinthia,,,Linux-6.5.0-21-generic-x86_64-with-glibc2.35,3.10.13,2.2.2,12,Intel(R) Core(TM) i7-9750H CPU @ 2.60GHz,,,13.5169,46.8129,15.32769775390625,machine,N
2024-03-05T18:01:54,Beauty_s000_1.5s_1,2bfdc7e9-26b9-49c4-b3b9-7151a909bdef,11.482789039611816,8.19888997207518e-06,7.140155535202926e-07,22.5,0.0,5.747886657714844,7.176405489444733e-05,0,1.8327696990869906e-05,9.009175188531723e-05,Austria,AUT,carinthia,,,Linux-6.5.0-21-generic-x86_64-with-glibc2.35,3.10.13,2.2.2,12,Intel(R) Core(TM) i7-9750H CPU @ 2.60GHz,,,13.5169,46.8129,15.32769775390625,machine,N
2024-03-05T18:02:06,Beauty_s000_1.5s_2,2bfdc7e9-26b9-49c4-b3b9-7151a909bdef,23.45946335792541,8.19888997207518e-06,3.494917955702219e-07,22.5,0.0,5.747886657714844,7.176405489444733e-05,0,1.8327696990869906e-05,9.009175188531723e-05,Austria,AUT,carinthia,,,Linux-6.5.0-21-generic-x86_64-with-glibc2.35,3.10.13,2.2.2,12,Intel(R) Core(TM) i7-9750H CPU @ 2.60GHz,,,13.5169,46.8129,15.32769775390625,machine,N
2024-03-05T18:02:18,Beauty_s000_1.5s_3,2bfdc7e9-26b9-49c4-b3b9-7151a909bdef,35.53021597862244,8.19888997207518e-06,2.307582362293612e-07,22.5,0.0,5.747886657714844,7.176405489444733e-05,0,1.8327696990869906e-05,9.009175188531723e-05,Austria,AUT,carinthia,,,Linux-6.5.0-21-generic-x86_64-with-glibc2.35,3.10.13,2.2.2,12,Intel(R) Core(TM) i7-9750H CPU @ 2.60GHz,,,13.5169,46.8129,15.32769775390625,machine,N
2024-03-05T18:02:30,Beauty_s000_1.5s_4,2bfdc7e9-26b9-49c4-b3b9-7151a909bdef,47.528950691223145,8.19888997207518e-06,1.7250307134571804e-07,22.5,0.0,5.747886657714844,7.176405489444733e-05,0,1.8327696990869906e-05,9.009175188531723e-05,Austria,AUT,carinthia,,,Linux-6.5.0-21-generic-x86_64-with-glibc2.35,3.10.13,2.2.2,12,Intel(R) Core(TM) i7-9750H CPU @ 2.60GHz,,,13.5169,46.8129,15.32769775390625,machine,N
2024-03-05T18:02:42,Beauty_s000_1.5s_5,2bfdc7e9-26b9-49c4-b3b9-7151a909bdef,59.558406352996826,8.19888997207518e-06,1.3766133908085394e-07,22.5,0.0,5.747886657714844,7.176405489444733e-05,0,1.8327696990869906e-05,9.009175188531723e-05,Austria,AUT,carinthia,,,Linux-6.5.0-21-generic-x86_64-with-glibc2.35,3.10.13,2.2.2,12,Intel(R) Core(TM) i7-9750H CPU @ 2.60GHz,,,13.5169,46.8129,15.32769775390625,machine,N
2024-03-05T18:02:54,Beauty_s000_1.5s_6,2bfdc7e9-26b9-49c4-b3b9-7151a909bdef,71.57241582870483,8.19888997207518e-06,1.1455376875495845e-07,22.5,0.0,5.747886657714844,7.176405489444733e-05,0,1.8327696990869906e-05,9.009175188531723e-05,Austria,AUT,carinthia,,,Linux-6.5.0-21-generic-x86_64-with-glibc2.35,3.10.13,2.2.2,12,Intel(R) Core(TM) i7-9750H CPU @ 2.60GHz,,,13.5169,46.8129,15.32769775390625,machine,N
2024-03-05T18:03:06,Beauty_s000_1.5s_7,2bfdc7e9-26b9-49c4-b3b9-7151a909bdef,83.55626487731934,8.19888997207518e-06,9.812417996559709e-08,22.5,0.0,5.747886657714844,7.176405489444733e-05,0,1.8327696990869906e-05,9.009175188531723e-05,Austria,AUT,carinthia,,,Linux-6.5.0-21-generic-x86_64-with-glibc2.35,3.10.13,2.2.2,12,Intel(R) Core(TM) i7-9750H CPU @ 2.60GHz,,,13.5169,46.8129,15.32769775390625,machine,N
2024-03-05T18:03:18,Beauty_s000_1.5s_8,2bfdc7e9-26b9-49c4-b3b9-7151a909bdef,95.5632688999176,8.19888997207518e-06,8.579541142174395e-08,22.5,0.0,5.747886657714844,7.176405489444733e-05,0,1.8327696990869906e-05,9.009175188531723e-05,Austria,AUT,carinthia,,,Linux-6.5.0-21-generic-x86_64-with-glibc2.35,3.10.13,2.2.2,12,Intel(R) Core(TM) i7-9750H CPU @ 2.60GHz,,,13.5169,46.8129,15.32769775390625,machine,N
2024-03-05T18:03:30,Beauty_s000_1.5s_9,2bfdc7e9-26b9-49c4-b3b9-7151a909bdef,107.66555833816528,8.19888997207518e-06,7.615146476390715e-08,22.5,0.0,5.747886657714844,7.176405489444733e-05,0,1.8327696990869906e-05,9.009175188531723e-05,Austria,AUT,carinthia,,,Linux-6.5.0-21-generic-x86_64-with-glibc2.35,3.10.13,2.2.2,12,Intel(R) Core(TM) i7-9750H CPU @ 2.60GHz,,,13.5169,46.8129,15.32769775390625,machine,N
2024-03-05T18:03:43,Beauty_s000_1.5s_10,2bfdc7e9-26b9-49c4-b3b9-7151a909bdef,119.83900094032288,8.19888997207518e-06,6.841587386194954e-08,22.5,0.0,5.747886657714844,7.176405489444733e-05,0,1.8327696990869906e-05,9.009175188531723e-05,Austria,AUT,carinthia,,,Linux-6.5.0-21-generic-x86_64-with-glibc2.35,3.10.13,2.2.2,12,Intel(R) Core(TM) i7-9750H CPU @ 2.60GHz,,,13.5169,46.8129,15.32769775390625,machine,N
2024-03-05T18:03:59,Beauty_s000_1.75s_1,ff66f163-eead-4d46-8fa1-4c8ef7a47bc8,11.56916618347168,8.260667739657606e-06,7.140244688903537e-07,22.5,0.0,5.747886657714844,7.230425179004669e-05,0,1.846633190396915e-05,9.077058369401584e-05,Austria,AUT,carinthia,,,Linux-6.5.0-21-generic-x86_64-with-glibc2.35,3.10.13,2.2.2,12,Intel(R) Core(TM) i7-9750H CPU @ 2.60GHz,,,13.5169,46.8129,15.32769775390625,machine,N
2024-03-05T18:04:11,Beauty_s000_1.75s_2,ff66f163-eead-4d46-8fa1-4c8ef7a47bc8,23.55919289588928,8.260667739657606e-06,3.506345814206125e-07,22.5,0.0,5.747886657714844,7.230425179004669e-05,0,1.846633190396915e-05,9.077058369401584e-05,Austria,AUT,carinthia,,,Linux-6.5.0-21-generic-x86_64-with-glibc2.35,3.10.13,2.2.2,12,Intel(R) Core(TM) i7-9750H CPU @ 2.60GHz,,,13.5169,46.8129,15.32769775390625,machine,N
2024-03-05T18:04:23,Beauty_s000_1.75s_3,ff66f163-eead-4d46-8fa1-4c8ef7a47bc8,35.54950785636902,8.260667739657606e-06,2.3237080448576825e-07,22.5,0.0,5.747886657714844,7.230425179004669e-05,0,1.846633190396915e-05,9.077058369401584e-05,Austria,AUT,carinthia,,,Linux-6.5.0-21-generic-x86_64-with-glibc2.35,3.10.13,2.2.2,12,Intel(R) Core(TM) i7-9750H CPU @ 2.60GHz,,,13.5169,46.8129,15.32769775390625,machine,N
2024-03-05T18:04:35,Beauty_s000_1.75s_4,ff66f163-eead-4d46-8fa1-4c8ef7a47bc8,47.62254142761231,8.260667739657606e-06,1.734612956810394e-07,22.5,0.0,5.747886657714844,7.230425179004669e-05,0,1.846633190396915e-05,9.077058369401584e-05,Austria,AUT,carinthia,,,Linux-6.5.0-21-generic-x86_64-with-glibc2.35,3.10.13,2.2.2,12,Intel(R) Core(TM) i7-9750H CPU @ 2.60GHz,,,13.5169,46.8129,15.32769775390625,machine,N
2024-03-05T18:04:47,Beauty_s000_1.75s_5,ff66f163-eead-4d46-8fa1-4c8ef7a47bc8,59.746928215026855,8.260667739657606e-06,1.3826096146613238e-07,22.5,0.0,5.747886657714844,7.230425179004669e-05,0,1.846633190396915e-05,9.077058369401584e-05,Austria,AUT,carinthia,,,Linux-6.5.0-21-generic-x86_64-with-glibc2.35,3.10.13,2.2.2,12,Intel(R) Core(TM) i7-9750H CPU @ 2.60GHz,,,13.5169,46.8129,15.32769775390625,machine,N
2024-03-05T18:04:59,Beauty_s000_1.75s_6,ff66f163-eead-4d46-8fa1-4c8ef7a47bc8,71.75481152534485,8.260667739657606e-06,1.1512353755872969e-07,22.5,0.0,5.747886657714844,7.230425179004669e-05,0,1.846633190396915e-05,9.077058369401584e-05,Austria,AUT,carinthia,,,Linux-6.5.0-21-generic-x86_64-with-glibc2.35,3.10.13,2.2.2,12,Intel(R) Core(TM) i7-9750H CPU @ 2.60GHz,,,13.5169,46.8129,15.32769775390625,machine,N
2024-03-05T18:05:11,Beauty_s000_1.75s_7,ff66f163-eead-4d46-8fa1-4c8ef7a47bc8,83.86441111564636,8.260667739657606e-06,9.85002771708062e-08,22.5,0.0,5.747886657714844,7.230425179004669e-05,0,1.846633190396915e-05,9.077058369401584e-05,Austria,AUT,carinthia,,,Linux-6.5.0-21-generic-x86_64-with-glibc2.35,3.10.13,2.2.2,12,Intel(R) Core(TM) i7-9750H CPU @ 2.60GHz,,,13.5169,46.8129,15.32769775390625,machine,N
2024-03-05T18:05:23,Beauty_s000_1.75s_8,ff66f163-eead-4d46-8fa1-4c8ef7a47bc8,95.9302909374237,8.260667739657606e-06,8.611115070052401e-08,22.5,0.0,5.747886657714844,7.230425179004669e-05,0,1.846633190396915e-05,9.077058369401584e-05,Austria,AUT,carinthia,,,Linux-6.5.0-21-generic-x86_64-with-glibc2.35,3.10.13,2.2.2,12,Intel(R) Core(TM) i7-9750H CPU @ 2.60GHz,,,13.5169,46.8129,15.32769775390625,machine,N
2024-03-05T18:05:35,Beauty_s000_1.75s_9,ff66f163-eead-4d46-8fa1-4c8ef7a47bc8,108.08007073402403,8.260667739657606e-06,7.643099864346329e-08,22.5,0.0,5.747886657714844,7.230425179004669e-05,0,1.846633190396915e-05,9.077058369401584e-05,Austria,AUT,carinthia,,,Linux-6.5.0-21-generic-x86_64-with-glibc2.35,3.10.13,2.2.2,12,Intel(R) Core(TM) i7-9750H CPU @ 2.60GHz,,,13.5169,46.8129,15.32769775390625,machine,N
2024-03-05T18:05:47,Beauty_s000_1.75s_10,ff66f163-eead-4d46-8fa1-4c8ef7a47bc8,120.15804386138916,8.260667739657606e-06,6.874835403601338e-08,22.5,0.0,5.747886657714844,7.230425179004669e-05,0,1.846633190396915e-05,9.077058369401584e-05,Austria,AUT,carinthia,,,Linux-6.5.0-21-generic-x86_64-with-glibc2.35,3.10.13,2.2.2,12,Intel(R) Core(TM) i7-9750H CPU @ 2.60GHz,,,13.5169,46.8129,15.32769775390625,machine,N
2024-03-05T18:06:04,Beauty_s000_2.0s_1,5c3dd73c-583b-4d19-b541-ae9f2f4d3598,11.534309148788452,8.235904325781604e-06,7.140353374910791e-07,22.5,0.0,5.747886657714844,7.20869094133377e-05,0,1.8411566794622257e-05,9.049847620795996e-05,Austria,AUT,carinthia,,,Linux-6.5.0-21-generic-x86_64-with-glibc2.35,3.10.13,2.2.2,12,Intel(R) Core(TM) i7-9750H CPU @ 2.60GHz,,,13.5169,46.8129,15.32769775390625,machine,N
2024-03-05T18:06:16,Beauty_s000_2.0s_2,5c3dd73c-583b-4d19-b541-ae9f2f4d3598,23.560096979141235,8.235904325781604e-06,3.495700519854907e-07,22.5,0.0,5.747886657714844,7.20869094133377e-05,0,1.8411566794622257e-05,9.049847620795996e-05,Austria,AUT,carinthia,,,Linux-6.5.0-21-generic-x86_64-with-glibc2.35,3.10.13,2.2.2,12,Intel(R) Core(TM) i7-9750H CPU @ 2.60GHz,,,13.5169,46.8129,15.32769775390625,machine,N
2024-03-05T18:06:28,Beauty_s000_2.0s_3,5c3dd73c-583b-4d19-b541-ae9f2f4d3598,35.577924966812134,8.235904325781604e-06,2.3148917013750058e-07,22.5,0.0,5.747886657714844,7.20869094133377e-05,0,1.8411566794622257e-05,9.049847620795996e-05,Austria,AUT,carinthia,,,Linux-6.5.0-21-generic-x86_64-with-glibc2.35,3.10.13,2.2.2,12,Intel(R) Core(TM) i7-9750H CPU @ 2.60GHz,,,13.5169,46.8129,15.32769775390625,machine,N
2024-03-05T18:06:40,Beauty_s000_2.0s_4,5c3dd73c-583b-4d19-b541-ae9f2f4d3598,47.62384581565857,8.235904325781604e-06,1.72936565384933e-07,22.5,0.0,5.747886657714844,7.20869094133377e-05,0,1.8411566794622257e-05,9.049847620795996e-05,Austria,AUT,carinthia,,,Linux-6.5.0-21-generic-x86_64-with-glibc2.35,3.10.13,2.2.2,12,Intel(R) Core(TM) i7-9750H CPU @ 2.60GHz,,,13.5169,46.8129,15.32769775390625,machine,N
2024-03-05T18:06:52,Beauty_s000_2.0s_5,5c3dd73c-583b-4d19-b541-ae9f2f4d3598,59.733665227890015,8.235904325781604e-06,1.37877096514349e-07,22.5,0.0,5.747886657714844,7.20869094133377e-05,0,1.8411566794622257e-05,9.049847620795996e-05,Austria,AUT,carinthia,,,Linux-6.5.0-21-generic-x86_64-with-glibc2.35,3.10.13,2.2.2,12,Intel(R) Core(TM) i7-9750H CPU @ 2.60GHz,,,13.5169,46.8129,15.32769775390625,machine,N
2024-03-05T18:07:04,Beauty_s000_2.0s_6,5c3dd73c-583b-4d19-b541-ae9f2f4d3598,71.85297894477844,8.235904325781604e-06,1.1462161272549588e-07,22.5,0.0,5.747886657714844,7.20869094133377e-05,0,1.8411566794622257e-05,9.049847620795996e-05,Austria,AUT,carinthia,,,Linux-6.5.0-21-generic-x86_64-with-glibc2.35,3.10.13,2.2.2,12,Intel(R) Core(TM) i7-9750H CPU @ 2.60GHz,,,13.5169,46.8129,15.32769775390625,machine,N
2024-03-05T18:07:16,Beauty_s000_2.0s_7,5c3dd73c-583b-4d19-b541-ae9f2f4d3598,83.9630012512207,8.235904325781604e-06,9.808968477841145e-08,22.5,0.0,5.747886657714844,7.20869094133377e-05,0,1.8411566794622257e-05,9.049847620795996e-05,Austria,AUT,carinthia,,,Linux-6.5.0-21-generic-x86_64-with-glibc2.35,3.10.13,2.2.2,12,Intel(R) Core(TM) i7-9750H CPU @ 2.60GHz,,,13.5169,46.8129,15.32769775390625,machine,N
2024-03-05T18:07:28,Beauty_s000_2.0s_8,5c3dd73c-583b-4d19-b541-ae9f2f4d3598,96.02568674087524,8.235904325781604e-06,8.57677211724207e-08,22.5,0.0,5.747886657714844,7.20869094133377e-05,0,1.8411566794622257e-05,9.049847620795996e-05,Austria,AUT,carinthia,,,Linux-6.5.0-21-generic-x86_64-with-glibc2.35,3.10.13,2.2.2,12,Intel(R) Core(TM) i7-9750H CPU @ 2.60GHz,,,13.5169,46.8129,15.32769775390625,machine,N
2024-03-05T18:07:40,Beauty_s000_2.0s_9,5c3dd73c-583b-4d19-b541-ae9f2f4d3598,108.08177900314332,8.235904325781604e-06,7.620067324707972e-08,22.5,0.0,5.747886657714844,7.20869094133377e-05,0,1.8411566794622257e-05,9.049847620795996e-05,Austria,AUT,carinthia,,,Linux-6.5.0-21-generic-x86_64-with-glibc2.35,3.10.13,2.2.2,12,Intel(R) Core(TM) i7-9750H CPU @ 2.60GHz,,,13.5169,46.8129,15.32769775390625,machine,N
2024-03-05T18:07:52,Beauty_s000_2.0s_10,5c3dd73c-583b-4d19-b541-ae9f2f4d3598,120.2283525466919,8.235904325781604e-06,6.850218065312928e-08,22.5,0.0,5.747886657714844,7.20869094133377e-05,0,1.8411566794622257e-05,9.049847620795996e-05,Austria,AUT,carinthia,,,Linux-6.5.0-21-generic-x86_64-with-glibc2.35,3.10.13,2.2.2,12,Intel(R) Core(TM) i7-9750H CPU @ 2.60GHz,,,13.5169,46.8129,15.32769775390625,machine,N
2024-03-05T18:08:08,Beauty_s000_2.25s_1,9a65bf04-d963-4afe-a157-99284b0d0edc,11.54821228981018,8.245880546437306e-06,7.14039570757912e-07,22.5,0.0,5.747886657714844,7.217406779527664e-05,0,1.8434029983301723e-05,9.06080977785784e-05,Austria,AUT,carinthia,,,Linux-6.5.0-21-generic-x86_64-with-glibc2.35,3.10.13,2.2.2,12,Intel(R) Core(TM) i7-9750H CPU @ 2.60GHz,,,13.5169,46.8129,15.32769775390625,machine,N
2024-03-05T18:08:20,Beauty_s000_2.25s_2,9a65bf04-d963-4afe-a157-99284b0d0edc,23.602211475372314,8.245880546437306e-06,3.4936897989586504e-07,22.5,0.0,5.747886657714844,7.217406779527664e-05,0,1.8434029983301723e-05,9.06080977785784e-05,Austria,AUT,carinthia,,,Linux-6.5.0-21-generic-x86_64-with-glibc2.35,3.10.13,2.2.2,12,Intel(R) Core(TM) i7-9750H CPU @ 2.60GHz,,,13.5169,46.8129,15.32769775390625,machine,N
2024-03-05T18:08:33,Beauty_s000_2.25s_3,9a65bf04-d963-4afe-a157-99284b0d0edc,35.676963567733765,8.245880546437306e-06,2.311261868118978e-07,22.5,0.0,5.747886657714844,7.217406779527664e-05,0,1.8434029983301723e-05,9.06080977785784e-05,Austria,AUT,carinthia,,,Linux-6.5.0-21-generic-x86_64-with-glibc2.35,3.10.13,2.2.2,12,Intel(R) Core(TM) i7-9750H CPU @ 2.60GHz,,,13.5169,46.8129,15.32769775390625,machine,N
2024-03-05T18:08:45,Beauty_s000_2.25s_4,9a65bf04-d963-4afe-a157-99284b0d0edc,47.6611716747284,8.245880546437306e-06,1.7301044554071585e-07,22.5,0.0,5.747886657714844,7.217406779527664e-05,0,1.8434029983301723e-05,9.06080977785784e-05,Austria,AUT,carinthia,,,Linux-6.5.0-21-generic-x86_64-with-glibc2.35,3.10.13,2.2.2,12,Intel(R) Core(TM) i7-9750H CPU @ 2.60GHz,,,13.5169,46.8129,15.32769775390625,machine,N
2024-03-05T18:08:57,Beauty_s000_2.25s_5,9a65bf04-d963-4afe-a157-99284b0d0edc,59.70665144920349,8.245880546437306e-06,1.3810656511950996e-07,22.5,0.0,5.747886657714844,7.217406779527664e-05,0,1.8434029983301723e-05,9.06080977785784e-05,Austria,AUT,carinthia,,,Linux-6.5.0-21-generic-x86_64-with-glibc2.35,3.10.13,2.2.2,12,Intel(R) Core(TM) i7-9750H CPU @ 2.60GHz,,,13.5169,46.8129,15.32769775390625,machine,N
2024-03-05T18:09:09,Beauty_s000_2.25s_6,9a65bf04-d963-4afe-a157-99284b0d0edc,71.77343034744263,8.245880546437306e-06,1.1488764723269377e-07,22.5,0.0,5.747886657714844,7.217406779527664e-05,0,1.8434029983301723e-05,9.06080977785784e-05,Austria,AUT,carinthia,,,Linux-6.5.0-21-generic-x86_64-with-glibc2.35,3.10.13,2.2.2,12,Intel(R) Core(TM) i7-9750H CPU @ 2.60GHz,,,13.5169,46.8129,15.32769775390625,machine,N
2024-03-05T18:09:21,Beauty_s000_2.25s_7,9a65bf04-d963-4afe-a157-99284b0d0edc,83.89513993263245,8.245880546437306e-06,9.828794079202593e-08,22.5,0.0,5.747886657714844,7.217406779527664e-05,0,1.8434029983301723e-05,9.06080977785784e-05,Austria,AUT,carinthia,,,Linux-6.5.0-21-generic-x86_64-with-glibc2.35,3.10.13,2.2.2,12,Intel(R) Core(TM) i7-9750H CPU @ 2.60GHz,,,13.5169,46.8129,15.32769775390625,machine,N
2024-03-05T18:09:33,Beauty_s000_2.25s_8,9a65bf04-d963-4afe-a157-99284b0d0edc,95.9962568283081,8.245880546437306e-06,8.589793830383706e-08,22.5,0.0,5.747886657714844,7.217406779527664e-05,0,1.8434029983301723e-05,9.06080977785784e-05,Austria,AUT,carinthia,,,Linux-6.5.0-21-generic-x86_64-with-glibc2.35,3.10.13,2.2.2,12,Intel(R) Core(TM) i7-9750H CPU @ 2.60GHz,,,13.5169,46.8129,15.32769775390625,machine,N
2024-03-05T18:09:45,Beauty_s000_2.25s_9,9a65bf04-d963-4afe-a157-99284b0d0edc,108.04643297195436,8.245880546437306e-06,7.63179340550529e-08,22.5,0.0,5.747886657714844,7.217406779527664e-05,0,1.8434029983301723e-05,9.06080977785784e-05,Austria,AUT,carinthia,,,Linux-6.5.0-21-generic-x86_64-with-glibc2.35,3.10.13,2.2.2,12,Intel(R) Core(TM) i7-9750H CPU @ 2.60GHz,,,13.5169,46.8129,15.32769775390625,machine,N
2024-03-05T18:09:57,Beauty_s000_2.25s_10,9a65bf04-d963-4afe-a157-99284b0d0edc,120.20813035964966,8.245880546437306e-06,6.859669576231264e-08,22.5,0.0,5.747886657714844,7.217406779527664e-05,0,1.8434029983301723e-05,9.06080977785784e-05,Austria,AUT,carinthia,,,Linux-6.5.0-21-generic-x86_64-with-glibc2.35,3.10.13,2.2.2,12,Intel(R) Core(TM) i7-9750H CPU @ 2.60GHz,,,13.5169,46.8129,15.32769775390625,machine,N
2024-03-05T18:10:13,Beauty_s000_2.5s_1,576addce-e87a-4ef0-9f79-60e5aa7f238b,11.53306770324707,8.235115289537352e-06,7.140437827499098e-07,22.5,0.0,5.747886657714844,7.207959443330764e-05,0,1.841021161835216e-05,9.04898060516598e-05,Austria,AUT,carinthia,,,Linux-6.5.0-21-generic-x86_64-with-glibc2.35,3.10.13,2.2.2,12,Intel(R) Core(TM) i7-9750H CPU @ 2.60GHz,,,13.5169,46.8129,15.32769775390625,machine,N
2024-03-05T18:10:25,Beauty_s000_2.5s_2,576addce-e87a-4ef0-9f79-60e5aa7f238b,23.49517774581909,8.235115289537352e-06,3.5050236174539133e-07,22.5,0.0,5.747886657714844,7.207959443330764e-05,0,1.841021161835216e-05,9.04898060516598e-05,Austria,AUT,carinthia,,,Linux-6.5.0-21-generic-x86_64-with-glibc2.35,3.10.13,2.2.2,12,Intel(R) Core(TM) i7-9750H CPU @ 2.60GHz,,,13.5169,46.8129,15.32769775390625,machine,N
2024-03-05T18:10:37,Beauty_s000_2.5s_3,576addce-e87a-4ef0-9f79-60e5aa7f238b,35.51894497871399,8.235115289537352e-06,2.318513484697405e-07,22.5,0.0,5.747886657714844,7.207959443330764e-05,0,1.841021161835216e-05,9.04898060516598e-05,Austria,AUT,carinthia,,,Linux-6.5.0-21-generic-x86_64-with-glibc2.35,3.10.13,2.2.2,12,Intel(R) Core(TM) i7-9750H CPU @ 2.60GHz,,,13.5169,46.8129,15.32769775390625,machine,N
2024-03-05T18:10:49,Beauty_s000_2.5s_4,576addce-e87a-4ef0-9f79-60e5aa7f238b,47.6538290977478,8.235115289537352e-06,1.728111978713282e-07,22.5,0.0,5.747886657714844,7.207959443330764e-05,0,1.841021161835216e-05,9.04898060516598e-05,Austria,AUT,carinthia,,,Linux-6.5.0-21-generic-x86_64-with-glibc2.35,3.10.13,2.2.2,12,Intel(R) Core(TM) i7-9750H CPU @ 2.60GHz,,,13.5169,46.8129,15.32769775390625,machine,N
2024-03-05T18:11:01,Beauty_s000_2.5s_5,576addce-e87a-4ef0-9f79-60e5aa7f238b,59.670047998428345,8.235115289537352e-06,1.3801087087703126e-07,22.5,0.0,5.747886657714844,7.207959443330764e-05,0,1.841021161835216e-05,9.04898060516598e-05,Austria,AUT,carinthia,,,Linux-6.5.0-21-generic-x86_64-with-glibc2.35,3.10.13,2.2.2,12,Intel(R) Core(TM) i7-9750H CPU @ 2.60GHz,,,13.5169,46.8129,15.32769775390625,machine,N
2024-03-05T18:11:13,Beauty_s000_2.5s_6,576addce-e87a-4ef0-9f79-60e5aa7f238b,71.7741584777832,8.235115289537352e-06,1.147364938048898e-07,22.5,0.0,5.747886657714844,7.207959443330764e-05,0,1.841021161835216e-05,9.04898060516598e-05,Austria,AUT,carinthia,,,Linux-6.5.0-21-generic-x86_64-with-glibc2.35,3.10.13,2.2.2,12,Intel(R) Core(TM) i7-9750H CPU @ 2.60GHz,,,13.5169,46.8129,15.32769775390625,machine,N
2024-03-05T18:11:25,Beauty_s000_2.5s_7,576addce-e87a-4ef0-9f79-60e5aa7f238b,83.90143251419067,8.235115289537352e-06,9.815226084661314e-08,22.5,0.0,5.747886657714844,7.207959443330764e-05,0,1.841021161835216e-05,9.04898060516598e-05,Austria,AUT,carinthia,,,Linux-6.5.0-21-generic-x86_64-with-glibc2.35,3.10.13,2.2.2,12,Intel(R) Core(TM) i7-9750H CPU @ 2.60GHz,,,13.5169,46.8129,15.32769775390625,machine,N
2024-03-05T18:11:38,Beauty_s000_2.5s_8,576addce-e87a-4ef0-9f79-60e5aa7f238b,96.13768720626832,8.235115289537352e-06,8.56595943676957e-08,22.5,0.0,5.747886657714844,7.207959443330764e-05,0,1.841021161835216e-05,9.04898060516598e-05,Austria,AUT,carinthia,,,Linux-6.5.0-21-generic-x86_64-with-glibc2.35,3.10.13,2.2.2,12,Intel(R) Core(TM) i7-9750H CPU @ 2.60GHz,,,13.5169,46.8129,15.32769775390625,machine,N
2024-03-05T18:11:50,Beauty_s000_2.5s_9,576addce-e87a-4ef0-9f79-60e5aa7f238b,108.23152685165404,8.235115289537352e-06,7.608795264271466e-08,22.5,0.0,5.747886657714844,7.207959443330764e-05,0,1.841021161835216e-05,9.04898060516598e-05,Austria,AUT,carinthia,,,Linux-6.5.0-21-generic-x86_64-with-glibc2.35,3.10.13,2.2.2,12,Intel(R) Core(TM) i7-9750H CPU @ 2.60GHz,,,13.5169,46.8129,15.32769775390625,machine,N
2024-03-05T18:12:02,Beauty_s000_2.5s_10,576addce-e87a-4ef0-9f79-60e5aa7f238b,120.31819653511047,8.235115289537352e-06,6.844447080067589e-08,22.5,0.0,5.747886657714844,7.207959443330764e-05,0,1.841021161835216e-05,9.04898060516598e-05,Austria,AUT,carinthia,,,Linux-6.5.0-21-generic-x86_64-with-glibc2.35,3.10.13,2.2.2,12,Intel(R) Core(TM) i7-9750H CPU @ 2.60GHz,,,13.5169,46.8129,15.32769775390625,machine,N
2024-03-05T18:12:18,Beauty_s000_2.75s_1,635e011f-782b-4b4a-bfc8-7ab0c74a19dd,11.486485719680786,8.20188291396278e-06,7.14046324883318e-07,22.5,0.0,5.747886657714844,7.178859263658523e-05,0,1.833604655163072e-05,9.012463918821594e-05,Austria,AUT,carinthia,,,Linux-6.5.0-21-generic-x86_64-with-glibc2.35,3.10.13,2.2.2,12,Intel(R) Core(TM) i7-9750H CPU @ 2.60GHz,,,13.5169,46.8129,15.32769775390625,machine,N
2024-03-05T18:12:30,Beauty_s000_2.75s_2,635e011f-782b-4b4a-bfc8-7ab0c74a19dd,23.41798973083496,8.20188291396278e-06,3.502385562652796e-07,22.5,0.0,5.747886657714844,7.178859263658523e-05,0,1.833604655163072e-05,9.012463918821594e-05,Austria,AUT,carinthia,,,Linux-6.5.0-21-generic-x86_64-with-glibc2.35,3.10.13,2.2.2,12,Intel(R) Core(TM) i7-9750H CPU @ 2.60GHz,,,13.5169,46.8129,15.32769775390625,machine,N
2024-03-05T18:12:42,Beauty_s000_2.75s_3,635e011f-782b-4b4a-bfc8-7ab0c74a19dd,35.41405200958252,8.20188291396278e-06,2.315996743818943e-07,22.5,0.0,5.747886657714844,7.178859263658523e-05,0,1.833604655163072e-05,9.012463918821594e-05,Austria,AUT,carinthia,,,Linux-6.5.0-21-generic-x86_64-with-glibc2.35,3.10.13,2.2.2,12,Intel(R) Core(TM) i7-9750H CPU @ 2.60GHz,,,13.5169,46.8129,15.32769775390625,machine,N
2024-03-05T18:12:54,Beauty_s000_2.75s_4,635e011f-782b-4b4a-bfc8-7ab0c74a19dd,47.41499185562134,8.20188291396278e-06,1.7298079347851657e-07,22.5,0.0,5.747886657714844,7.178859263658523e-05,0,1.833604655163072e-05,9.012463918821594e-05,Austria,AUT,carinthia,,,Linux-6.5.0-21-generic-x86_64-with-glibc2.35,3.10.13,2.2.2,12,Intel(R) Core(TM) i7-9750H CPU @ 2.60GHz,,,13.5169,46.8129,15.32769775390625,machine,N
2024-03-05T18:13:06,Beauty_s000_2.75s_5,635e011f-782b-4b4a-bfc8-7ab0c74a19dd,59.52618741989136,8.20188291396278e-06,1.377861285841738e-07,22.5,0.0,5.747886657714844,7.178859263658523e-05,0,1.833604655163072e-05,9.012463918821594e-05,Austria,AUT,carinthia,,,Linux-6.5.0-21-generic-x86_64-with-glibc2.35,3.10.13,2.2.2,12,Intel(R) Core(TM) i7-9750H CPU @ 2.60GHz,,,13.5169,46.8129,15.32769775390625,machine,N
2024-03-05T18:13:19,Beauty_s000_2.75s_6,635e011f-782b-4b4a-bfc8-7ab0c74a19dd,71.64025235176086,8.20188291396278e-06,1.1448707458051248e-07,22.5,0.0,5.747886657714844,7.178859263658523e-05,0,1.833604655163072e-05,9.012463918821594e-05,Austria,AUT,carinthia,,,Linux-6.5.0-21-generic-x86_64-with-glibc2.35,3.10.13,2.2.2,12,Intel(R) Core(TM) i7-9750H CPU @ 2.60GHz,,,13.5169,46.8129,15.32769775390625,machine,N
2024-03-05T18:13:31,Beauty_s000_2.75s_7,635e011f-782b-4b4a-bfc8-7ab0c74a19dd,83.66890215873718,8.20188291396278e-06,9.802785386620844e-08,22.5,0.0,5.747886657714844,7.178859263658523e-05,0,1.833604655163072e-05,9.012463918821594e-05,Austria,AUT,carinthia,,,Linux-6.5.0-21-generic-x86_64-with-glibc2.35,3.10.13,2.2.2,12,Intel(R) Core(TM) i7-9750H CPU @ 2.60GHz,,,13.5169,46.8129,15.32769775390625,machine,N
2024-03-05T18:13:43,Beauty_s000_2.75s_8,635e011f-782b-4b4a-bfc8-7ab0c74a19dd,95.78606271743774,8.20188291396278e-06,8.562710149343716e-08,22.5,0.0,5.747886657714844,7.178859263658523e-05,0,1.833604655163072e-05,9.012463918821594e-05,Austria,AUT,carinthia,,,Linux-6.5.0-21-generic-x86_64-with-glibc2.35,3.10.13,2.2.2,12,Intel(R) Core(TM) i7-9750H CPU @ 2.60GHz,,,13.5169,46.8129,15.32769775390625,machine,N
2024-03-05T18:13:55,Beauty_s000_2.75s_9,635e011f-782b-4b4a-bfc8-7ab0c74a19dd,107.88430094718932,8.20188291396278e-06,7.602480473945604e-08,22.5,0.0,5.747886657714844,7.178859263658523e-05,0,1.833604655163072e-05,9.012463918821594e-05,Austria,AUT,carinthia,,,Linux-6.5.0-21-generic-x86_64-with-glibc2.35,3.10.13,2.2.2,12,Intel(R) Core(TM) i7-9750H CPU @ 2.60GHz,,,13.5169,46.8129,15.32769775390625,machine,N
2024-03-05T18:14:07,Beauty_s000_2.75s_10,635e011f-782b-4b4a-bfc8-7ab0c74a19dd,120.0077772140503,8.20188291396278e-06,6.834459486182798e-08,22.5,0.0,5.747886657714844,7.178859263658523e-05,0,1.833604655163072e-05,9.012463918821594e-05,Austria,AUT,carinthia,,,Linux-6.5.0-21-generic-x86_64-with-glibc2.35,3.10.13,2.2.2,12,Intel(R) Core(TM) i7-9750H CPU @ 2.60GHz,,,13.5169,46.8129,15.32769775390625,machine,N
2024-03-05T18:14:23,Beauty_s000_3.0s_1,7390154d-af97-4c65-96da-a1544c254d5c,11.589425563812256,8.275462850437849e-06,7.140528928610416e-07,22.5,0.0,5.747886657714844,7.243230044841766e-05,0,1.850085616145255e-05,9.09331566098702e-05,Austria,AUT,carinthia,,,Linux-6.5.0-21-generic-x86_64-with-glibc2.35,3.10.13,2.2.2,12,Intel(R) Core(TM) i7-9750H CPU @ 2.60GHz,,,13.5169,46.8129,15.32769775390625,machine,N
2024-03-05T18:14:35,Beauty_s000_3.0s_2,7390154d-af97-4c65-96da-a1544c254d5c,23.57099294662476,8.275462850437849e-06,3.510867305920115e-07,22.5,0.0,5.747886657714844,7.243230044841766e-05,0,1.850085616145255e-05,9.09331566098702e-05,Austria,AUT,carinthia,,,Linux-6.5.0-21-generic-x86_64-with-glibc2.35,3.10.13,2.2.2,12,Intel(R) Core(TM) i7-9750H CPU @ 2.60GHz,,,13.5169,46.8129,15.32769775390625,machine,N
2024-03-05T18:14:47,Beauty_s000_3.0s_3,7390154d-af97-4c65-96da-a1544c254d5c,35.56564807891846,8.275462850437849e-06,2.326813455521743e-07,22.5,0.0,5.747886657714844,7.243230044841766e-05,0,1.850085616145255e-05,9.09331566098702e-05,Austria,AUT,carinthia,,,Linux-6.5.0-21-generic-x86_64-with-glibc2.35,3.10.13,2.2.2,12,Intel(R) Core(TM) i7-9750H CPU @ 2.60GHz,,,13.5169,46.8129,15.32769775390625,machine,N
2024-03-05T18:14:59,Beauty_s000_3.0s_4,7390154d-af97-4c65-96da-a1544c254d5c,47.684980392456055,8.275462850437849e-06,1.735444322788703e-07,22.5,0.0,5.747886657714844,7.243230044841766e-05,0,1.850085616145255e-05,9.09331566098702e-05,Austria,AUT,carinthia,,,Linux-6.5.0-21-generic-x86_64-with-glibc2.35,3.10.13,2.2.2,12,Intel(R) Core(TM) i7-9750H CPU @ 2.60GHz,,,13.5169,46.8129,15.32769775390625,machine,N
2024-03-05T18:15:11,Beauty_s000_3.0s_5,7390154d-af97-4c65-96da-a1544c254d5c,59.723548412323,8.275462850437849e-06,1.3856281266654174e-07,22.5,0.0,5.747886657714844,7.243230044841766e-05,0,1.850085616145255e-05,9.09331566098702e-05,Austria,AUT,carinthia,,,Linux-6.5.0-21-generic-x86_64-with-glibc2.35,3.10.13,2.2.2,12,Intel(R) Core(TM) i7-9750H CPU @ 2.60GHz,,,13.5169,46.8129,15.32769775390625,machine,N
2024-03-05T18:15:23,Beauty_s000_3.0s_6,7390154d-af97-4c65-96da-a1544c254d5c,71.8161244392395,8.275462850437849e-06,1.1523126477591197e-07,22.5,0.0,5.747886657714844,7.243230044841766e-05,0,1.850085616145255e-05,9.09331566098702e-05,Austria,AUT,carinthia,,,Linux-6.5.0-21-generic-x86_64-with-glibc2.35,3.10.13,2.2.2,12,Intel(R) Core(TM) i7-9750H CPU @ 2.60GHz,,,13.5169,46.8129,15.32769775390625,machine,N
2024-03-05T18:15:35,Beauty_s000_3.0s_7,7390154d-af97-4c65-96da-a1544c254d5c,83.97791790962219,8.275462850437849e-06,9.854332015404309e-08,22.5,0.0,5.747886657714844,7.243230044841766e-05,0,1.850085616145255e-05,9.09331566098702e-05,Austria,AUT,carinthia,,,Linux-6.5.0-21-generic-x86_64-with-glibc2.35,3.10.13,2.2.2,12,Intel(R) Core(TM) i7-9750H CPU @ 2.60GHz,,,13.5169,46.8129,15.32769775390625,machine,N
2024-03-05T18:15:47,Beauty_s000_3.0s_8,7390154d-af97-4c65-96da-a1544c254d5c,96.09008955955504,8.275462850437849e-06,8.612191838273659e-08,22.5,0.0,5.747886657714844,7.243230044841766e-05,0,1.850085616145255e-05,9.09331566098702e-05,Austria,AUT,carinthia,,,Linux-6.5.0-21-generic-x86_64-with-glibc2.35,3.10.13,2.2.2,12,Intel(R) Core(TM) i7-9750H CPU @ 2.60GHz,,,13.5169,46.8129,15.32769775390625,machine,N
2024-03-05T18:16:00,Beauty_s000_3.0s_9,7390154d-af97-4c65-96da-a1544c254d5c,108.21122002601624,8.275462850437849e-06,7.64750905539024e-08,22.5,0.0,5.747886657714844,7.243230044841766e-05,0,1.850085616145255e-05,9.09331566098702e-05,Austria,AUT,carinthia,,,Linux-6.5.0-21-generic-x86_64-with-glibc2.35,3.10.13,2.2.2,12,Intel(R) Core(TM) i7-9750H CPU @ 2.60GHz,,,13.5169,46.8129,15.32769775390625,machine,N
2024-03-05T18:16:12,Beauty_s000_3.0s_10,7390154d-af97-4c65-96da-a1544c254d5c,120.24538516998291,8.275462850437849e-06,6.88214590417701e-08,22.5,0.0,5.747886657714844,7.243230044841766e-05,0,1.850085616145255e-05,9.09331566098702e-05,Austria,AUT,carinthia,,,Linux-6.5.0-21-generic-x86_64-with-glibc2.35,3.10.13,2.2.2,12,Intel(R) Core(TM) i7-9750H CPU @ 2.60GHz,,,13.5169,46.8129,15.32769775390625,machine,N
