,0
start,2024-02-26 15:54:21.140238
Basketball_s000.265_start_0,2024-02-26 15:54:21.140710
Basketball_s000.265_end_0,2024-02-26 15:54:31.056993
BundNightScape_s000.265_start_0,2024-02-26 15:54:31.057000
BundNightScape_s000.265_end_0,2024-02-26 15:54:41.325600
BundNightScape_s001.265_start_0,2024-02-26 15:54:41.325608
BundNightScape_s001.265_end_0,2024-02-26 15:54:51.738181
Basketball_s000.265_start_1,2024-02-26 15:54:51.738188
Basketball_s000.265_end_1,2024-02-26 15:55:02.037306
BundNightScape_s000.265_start_1,2024-02-26 15:55:02.037315
BundNightScape_s000.265_end_1,2024-02-26 15:55:12.514018
BundNightScape_s001.265_start_1,2024-02-26 15:55:12.514026
BundNightScape_s001.265_end_1,2024-02-26 15:55:23.072678
Basketball_s000.265_start_2,2024-02-26 15:55:23.072684
Basketball_s000.265_end_2,2024-02-26 15:55:33.620942
BundNightScape_s000.265_start_2,2024-02-26 15:55:33.620949
BundNightScape_s000.265_end_2,2024-02-26 15:55:44.303086
BundNightScape_s001.265_start_2,2024-02-26 15:55:44.303093
BundNightScape_s001.265_end_2,2024-02-26 15:55:54.961611
end,2024-02-26 15:55:54.961618
